ชื่อ, ที่อยู่, เบอร์โทร
สมชาย ใจดี, 123 ถนนสุขุมวิท กรุงเทพฯ, 081-111-0001
สมหญิง แซ่เฮง, 45/7 ถนนรามอินทรา กรุงเทพฯ, 081-111-0002
วีรพล มีสุข, 99/1 หมู่ 5 ตำบลท่าช้าง จันทบุรี, 081-111-0003
เนตรนภา เทียนเงิน, 88/2 ซอยลาดพร้าว 71 กรุงเทพฯ, 081-111-0004
กัญญา อาทร, 3/14 ถนนพหลโยธิน กรุงเทพฯ, 081-111-0005
ประเสริฐ ดีใจ, 77/9 ถนนมิตรภาพ ขอนแก่น, 081-111-0006
บุษบา สุขใจ, 101/2 ตำบลบางรัก นนทบุรี, 081-111-0007
เกรียงไกร ศรีทอง, 56/4 ตำบลท่าพระ ขอนแก่น, 081-111-0008
ช่อแก้ว บุญมา, 22/8 ถนนเพชรเกษม นครปฐม, 081-111-0009
รุ้งตะวัน พิพิธชัย, 5/3 ซอยวิภาวดี 16 กรุงเทพฯ, 081-111-0010
นพดล อนุรักษ์, 48/6 ตำบลบางปลาม้า สุพรรณบุรี, 081-111-0011
สายฝน เมืองใหม่, 9/9 ถนนมิตรไมตรี นครราชสีมา, 081-111-0012
สุกัญญา สายใจ, 4/1 หมู่ 2 ตำบลบ้านใหม่ ปทุมธานี, 081-111-0013
วิทยา แก้วใส, 88/18 ถนนพระราม 2 กรุงเทพฯ, 081-111-0014
มณีรัตน์ กล้าหาญ, 19/4 ถนนติวานนท์ นนทบุรี, 081-111-0015
ปวีณา มั่งมี, 12/5 ถนนงามวงศ์วาน นนทบุรี, 081-111-0016
สุรชัย ชาติไทย, 22/11 ถนนลาดพร้าว กรุงเทพฯ, 081-111-0017
พัชรี สุวรรณ, 44/20 ถนนจันทน์ กรุงเทพฯ, 081-111-0018
กฤษฎา มหาพร, 66/7 ถนนรัตนาธิเบศร์ นนทบุรี, 081-111-0019
ชนิกานต์ วัฒนกุล, 77/15 ถนนเพลินจิต กรุงเทพฯ, 081-111-0020
